strategy,spin,side,number,bet,balance_before,won,profit,balance_after
martingala,1,par,30,10,100,1,10,110
martingala,2,par,0,10,110,0,-10,100
martingala,3,par,18,20,100,1,20,120
martingala,4,par,0,10,120,0,-10,110
martingala,5,par,10,20,110,1,20,130
martingala,6,par,22,10,130,1,10,140
martingala,7,par,10,10,140,1,10,150
martingala,8,par,6,10,150,1,10,160
martingala,9,par,36,10,160,1,10,170
martingala,10,par,6,10,170,1,10,180
martingala,11,par,18,10,180,1,10,190
martingala,12,par,22,10,190,1,10,200
martingala,13,par,12,10,200,1,10,210
martingala,14,par,8,10,210,1,10,220
martingala,15,par,4,10,220,1,10,230
martingala,16,par,0,10,230,0,-10,220
martingala,17,par,21,20,220,0,-20,200
martingala,18,par,28,40,200,1,40,240
martingala,19,par,35,10,240,0,-10,230
martingala,20,par,27,20,230,0,-20,210
martingala,21,par,15,40,210,0,-40,170
martingala,22,par,34,80,170,1,80,250
martingala,23,par,17,10,250,0,-10,240
martingala,24,par,35,20,240,0,-20,220
martingala,25,par,20,40,220,1,40,260
martingala,26,par,18,10,260,1,10,270
martingala,27,par,18,10,270,1,10,280
martingala,28,par,23,10,280,0,-10,270
martingala,29,par,22,20,270,1,20,290
martingala,30,par,29,10,290,0,-10,280
martingala,31,par,14,20,280,1,20,300
martingala,32,par,17,10,300,0,-10,290
martingala,33,par,15,20,290,0,-20,270
martingala,34,par,23,40,270,0,-40,230
martingala,35,par,19,80,230,0,-80,150
